Workbook

Sheet คะแนนรายบุคคล
A1: แบบบันทึกคะแนนและสรุปผล AI to ESP32 — ว31101 ม.4/5
A2: ครูผู้สอน นายศิวัสว์ โตนอก | ภาคเรียนที่ 1 ปีการศึกษา 2569 | นักเรียน 40 คน | 8 กลุ่ม กลุ่มละ 5 คน
A4: เลขที่ | B4: ชื่อ-สกุล | C4: กลุ่ม | D4: Pre /5 | E4: Pre % | F4: Post /10 | G4: Post % | H4: ผล 70% | I4: พัฒนาการ (จุด%) | J4: AI /15 | K4: ESP32 /15 | L4: Integration /20 | M4: Flow /15 | N4: Debug /20 | O4: Collaborative /5 | P4: ปฏิบัติ /90 | Q4: รวม /100 | R4: Game เสริม /1000 | S4: หมายเหตุ
A5: 1 | C5: 1 | E5: =IF(D5="","",D5/5*100) | G5: =IF(F5="","",F5/10*100) | H5: =IF(G5="","",IF(G5>=70,"ผ่าน","ไม่ผ่าน")) | I5: =IF(OR(E5="",G5=""),"",G5-E5) | P5: =IF(COUNTA(J5:O5)=0,"",SUM(J5:O5)) | Q5: =IF(OR(F5="",P5=""),"",F5+P5)
A6: 2 | C6: 1 | E6: =IF(D6="","",D6/5*100) | G6: =IF(F6="","",F6/10*100) | H6: =IF(G6="","",IF(G6>=70,"ผ่าน","ไม่ผ่าน")) | I6: =IF(OR(E6="",G6=""),"",G6-E6) | P6: =IF(COUNTA(J6:O6)=0,"",SUM(J6:O6)) | Q6: =IF(OR(F6="",P6=""),"",F6+P6)
A7: 3 | C7: 1 | E7: =IF(D7="","",D7/5*100) | G7: =IF(F7="","",F7/10*100) | H7: =IF(G7="","",IF(G7>=70,"ผ่าน","ไม่ผ่าน")) | I7: =IF(OR(E7="",G7=""),"",G7-E7) | P7: =IF(COUNTA(J7:O7)=0,"",SUM(J7:O7)) | Q7: =IF(OR(F7="",P7=""),"",F7+P7)
A8: 4 | C8: 1 | E8: =IF(D8="","",D8/5*100) | G8: =IF(F8="","",F8/10*100) | H8: =IF(G8="","",IF(G8>=70,"ผ่าน","ไม่ผ่าน")) | I8: =IF(OR(E8="",G8=""),"",G8-E8) | P8: =IF(COUNTA(J8:O8)=0,"",SUM(J8:O8)) | Q8: =IF(OR(F8="",P8=""),"",F8+P8)
A9: 5 | C9: 1 | E9: =IF(D9="","",D9/5*100) | G9: =IF(F9="","",F9/10*100) | H9: =IF(G9="","",IF(G9>=70,"ผ่าน","ไม่ผ่าน")) | I9: =IF(OR(E9="",G9=""),"",G9-E9) | P9: =IF(COUNTA(J9:O9)=0,"",SUM(J9:O9)) | Q9: =IF(OR(F9="",P9=""),"",F9+P9)
A10: 6 | C10: 2 | E10: =IF(D10="","",D10/5*100) | G10: =IF(F10="","",F10/10*100) | H10: =IF(G10="","",IF(G10>=70,"ผ่าน","ไม่ผ่าน")) | I10: =IF(OR(E10="",G10=""),"",G10-E10) | P10: =IF(COUNTA(J10:O10)=0,"",SUM(J10:O10)) | Q10: =IF(OR(F10="",P10=""),"",F10+P10)
A11: 7 | C11: 2 | E11: =IF(D11="","",D11/5*100) | G11: =IF(F11="","",F11/10*100) | H11: =IF(G11="","",IF(G11>=70,"ผ่าน","ไม่ผ่าน")) | I11: =IF(OR(E11="",G11=""),"",G11-E11) | P11: =IF(COUNTA(J11:O11)=0,"",SUM(J11:O11)) | Q11: =IF(OR(F11="",P11=""),"",F11+P11)
A12: 8 | C12: 2 | E12: =IF(D12="","",D12/5*100) | G12: =IF(F12="","",F12/10*100) | H12: =IF(G12="","",IF(G12>=70,"ผ่าน","ไม่ผ่าน")) | I12: =IF(OR(E12="",G12=""),"",G12-E12) | P12: =IF(COUNTA(J12:O12)=0,"",SUM(J12:O12)) | Q12: =IF(OR(F12="",P12=""),"",F12+P12)
A13: 9 | C13: 2 | E13: =IF(D13="","",D13/5*100) | G13: =IF(F13="","",F13/10*100) | H13: =IF(G13="","",IF(G13>=70,"ผ่าน","ไม่ผ่าน")) | I13: =IF(OR(E13="",G13=""),"",G13-E13) | P13: =IF(COUNTA(J13:O13)=0,"",SUM(J13:O13)) | Q13: =IF(OR(F13="",P13=""),"",F13+P13)
A14: 10 | C14: 2 | E14: =IF(D14="","",D14/5*100) | G14: =IF(F14="","",F14/10*100) | H14: =IF(G14="","",IF(G14>=70,"ผ่าน","ไม่ผ่าน")) | I14: =IF(OR(E14="",G14=""),"",G14-E14) | P14: =IF(COUNTA(J14:O14)=0,"",SUM(J14:O14)) | Q14: =IF(OR(F14="",P14=""),"",F14+P14)
A15: 11 | C15: 3 | E15: =IF(D15="","",D15/5*100) | G15: =IF(F15="","",F15/10*100) | H15: =IF(G15="","",IF(G15>=70,"ผ่าน","ไม่ผ่าน")) | I15: =IF(OR(E15="",G15=""),"",G15-E15) | P15: =IF(COUNTA(J15:O15)=0,"",SUM(J15:O15)) | Q15: =IF(OR(F15="",P15=""),"",F15+P15)
A16: 12 | C16: 3 | E16: =IF(D16="","",D16/5*100) | G16: =IF(F16="","",F16/10*100) | H16: =IF(G16="","",IF(G16>=70,"ผ่าน","ไม่ผ่าน")) | I16: =IF(OR(E16="",G16=""),"",G16-E16) | P16: =IF(COUNTA(J16:O16)=0,"",SUM(J16:O16)) | Q16: =IF(OR(F16="",P16=""),"",F16+P16)
... A44: 40 | C44: 8 | E44: =IF(D44="","",D44/5*100) | G44: =IF(F44="","",F44/10*100) | H44: =IF(G44="","",IF(G44>=70,"ผ่าน","ไม่ผ่าน")) | I44: =IF(OR(E44="",G44=""),"",G44-E44) | P44: =IF(COUNTA(J44:O44)=0,"",SUM(J44:O44)) | Q44: =IF(OR(F44="",P44=""),"",F44+P44)

Sheet Dashboard
A1: Dashboard สรุปผลการเรียนรู้ AI to ESP32
A2: ว31101 ม.4/5 | นายศิวัสว์ โตนอก | เกณฑ์ Post-test ผ่าน 70%
A4: นักเรียนที่กรอกชื่อ | B4: ผ่าน Post-test | C4: ไม่ผ่าน | D4: Pre เฉลี่ย % | E4: Post เฉลี่ย % | F4: พัฒนาการเฉลี่ย | G4: เกณฑ์เป้าหมายสำหรับ วPA
A5: =COUNTIF(คะแนนรายบุคคล!B5:B44,"<>") | B5: =COUNTIF(คะแนนรายบุคคล!H5:H44,"ผ่าน") | C5: =COUNTIF(คะแนนรายบุคคล!H5:H44,"ไม่ผ่าน") | D5: =IFERROR(AVERAGE(คะแนนรายบุคคล!E5:E44),0) | E5: =IFERROR(AVERAGE(คะแนนรายบุคคล!G5:G44),0) | F5: =IFERROR(AVERAGE(คะแนนรายบุคคล!I5:I44),0) | G5: • นักเรียนอย่างน้อย 32/40 คน ผ่าน Post-test ≥70% • นักเรียนอย่างน้อย 30/40 คน มีผลการปฏิบัติระดับดีขึ้นไป • ผลงานจริง 90 คะแนน + AR Post-test 10 คะแนน • เก็บ Challenge Before/After Feedback เป็นหลักฐานพัฒนาการ
A8: กลุ่ม | B8: จำนวนนักเรียน | C8: ผ่าน | D8: Post เฉลี่ย % | E8: คะแนนรวมเฉลี่ย /100
A9: 1 | B9: =COUNTIFS(คะแนนรายบุคคล!C5:C44,A9,คะแนนรายบุคคล!B5:B44,"<>") | C9: =COUNTIFS(คะแนนรายบุคคล!C5:C44,A9,คะแนนรายบุคคล!H5:H44,"ผ่าน") | D9: =IFERROR(AVERAGEIFS(คะแนนรายบุคคล!G5:G44,คะแนนรายบุคคล!C5:C44,A9),0) | E9: =IFERROR(AVERAGEIFS(คะแนนรายบุคคล!Q5:Q44,คะแนนรายบุคคล!C5:C44,A9),0)
A10: 2 | B10: =COUNTIFS(คะแนนรายบุคคล!C5:C44,A10,คะแนนรายบุคคล!B5:B44,"<>") | C10: =COUNTIFS(คะแนนรายบุคคล!C5:C44,A10,คะแนนรายบุคคล!H5:H44,"ผ่าน") | D10: =IFERROR(AVERAGEIFS(คะแนนรายบุคคล!G5:G44,คะแนนรายบุคคล!C5:C44,A10),0) | E10: =IFERROR(AVERAGEIFS(คะแนนรายบุคคล!Q5:Q44,คะแนนรายบุคคล!C5:C44,A10),0)
A11: 3 | B11: =COUNTIFS(คะแนนรายบุคคล!C5:C44,A11,คะแนนรายบุคคล!B5:B44,"<>") | C11: =COUNTIFS(คะแนนรายบุคคล!C5:C44,A11,คะแนนรายบุคคล!H5:H44,"ผ่าน") | D11: =IFERROR(AVERAGEIFS(คะแนนรายบุคคล!G5:G44,คะแนนรายบุคคล!C5:C44,A11),0) | E11: =IFERROR(AVERAGEIFS(คะแนนรายบุคคล!Q5:Q44,คะแนนรายบุคคล!C5:C44,A11),0)
A12: 4 | B12: =COUNTIFS(คะแนนรายบุคคล!C5:C44,A12,คะแนนรายบุคคล!B5:B44,"<>") | C12: =COUNTIFS(คะแนนรายบุคคล!C5:C44,A12,คะแนนรายบุคคล!H5:H44,"ผ่าน") | D12: =IFERROR(AVERAGEIFS(คะแนนรายบุคคล!G5:G44,คะแนนรายบุคคล!C5:C44,A12),0) | E12: =IFERROR(AVERAGEIFS(คะแนนรายบุคคล!Q5:Q44,คะแนนรายบุคคล!C5:C44,A12),0)
A13: 5 | B13: =COUNTIFS(คะแนนรายบุคคล!C5:C44,A13,คะแนนรายบุคคล!B5:B44,"<>") | C13: =COUNTIFS(คะแนนรายบุคคล!C5:C44,A13,คะแนนรายบุคคล!H5:H44,"ผ่าน") | D13: =IFERROR(AVERAGEIFS(คะแนนรายบุคคล!G5:G44,คะแนนรายบุคคล!C5:C44,A13),0) | E13: =IFERROR(AVERAGEIFS(คะแนนรายบุคคล!Q5:Q44,คะแนนรายบุคคล!C5:C44,A13),0)
A14: 6 | B14: =COUNTIFS(คะแนนรายบุคคล!C5:C44,A14,คะแนนรายบุคคล!B5:B44,"<>") | C14: =COUNTIFS(คะแนนรายบุคคล!C5:C44,A14,คะแนนรายบุคคล!H5:H44,"ผ่าน") | D14: =IFERROR(AVERAGEIFS(คะแนนรายบุคคล!G5:G44,คะแนนรายบุคคล!C5:C44,A14),0) | E14: =IFERROR(AVERAGEIFS(คะแนนรายบุคคล!Q5:Q44,คะแนนรายบุคคล!C5:C44,A14),0)
A15: 7 | B15: =COUNTIFS(คะแนนรายบุคคล!C5:C44,A15,คะแนนรายบุคคล!B5:B44,"<>") | C15: =COUNTIFS(คะแนนรายบุคคล!C5:C44,A15,คะแนนรายบุคคล!H5:H44,"ผ่าน") | D15: =IFERROR(AVERAGEIFS(คะแนนรายบุคคล!G5:G44,คะแนนรายบุคคล!C5:C44,A15),0) | E15: =IFERROR(AVERAGEIFS(คะแนนรายบุคคล!Q5:Q44,คะแนนรายบุคคล!C5:C44,A15),0)
A16: 8 | B16: =COUNTIFS(คะแนนรายบุคคล!C5:C44,A16,คะแนนรายบุคคล!B5:B44,"<>") | C16: =COUNTIFS(คะแนนรายบุคคล!C5:C44,A16,คะแนนรายบุคคล!H5:H44,"ผ่าน") | D16: =IFERROR(AVERAGEIFS(คะแนนรายบุคคล!G5:G44,คะแนนรายบุคคล!C5:C44,A16),0) | E16: =IFERROR(AVERAGEIFS(คะแนนรายบุคคล!Q5:Q44,คะแนนรายบุคคล!C5:C44,A16),0)

Sheet เกณฑ์คะแนน
A1: เกณฑ์คะแนนรวม 100 คะแนน
A3: องค์ประกอบ | B3: คะแนนเต็ม | C3: เกณฑ์ผ่าน/ระดับดี | D3: หลักฐาน
A4: AR Post-test | B4: 10 | C4: อย่างน้อย 7/10 | D4: ผลเกม AR รายบุคคล
A5: AI Station | B5: 15 | C5: 10/15 ขึ้นไป | D5: การสาธิต Hand/No Hand + คำอธิบาย
A6: ESP32 Station | B6: 15 | C6: 10/15 ขึ้นไป | D6: /on /off + Web Server/Route/GPIO
A7: Integration Station | B7: 20 | C7: 13/20 ขึ้นไป | D7: ระบบ Hand → AI → HTTP → ESP32 → LED
A8: System Flow Diagram | B8: 15 | C8: 11/15 ขึ้นไป | D8: แผนภาพ Data Flow
A9: Challenge Debugging | B9: 20 | C9: 14/20 ขึ้นไป | D9: Diagnosis + Evidence + Test + Solution
A10: Collaborative Explanation | B10: 5 | C10: 3/5 ขึ้นไป | D10: สุ่มถามสมาชิก/Peer Teaching

Sheet นำเข้า_AR_CSV
A1: พื้นที่นำเข้าผลจากเกม AR
A3: timestamp | B3: name | C3: no | D3: group | E3: pre_score | F3: pre_percent | G3: post_10 | H3: post_percent | I3: pass_70 | J3: gain_percentage_points | K3: game_1000 | L3: first_try_10 | M3: attempts | N3: control
